,id,name,year,danceability,energy,valence,tempo,loudness,mode,key,acousticness,instrumentalness,liveness,speechiness,duration_ms,popularity,count
0,744969,Alvin & the Chipmunks,1950,0.687764706,0.483686275,0.7551176470000001,128.72117649999998,-7.702411765,1,0,0.743470588,0.013483285,0.282839216,0.10055686300000001,123297.7255,12.2745098,51
1,784597,Barney,1990,0.825076923,0.341384615,0.7395384620000001,111.1346923,-12.69330769,1,0,0.40193076899999997,3.71e-05,0.12337692300000001,0.0599,70587.61537999999,41.15384615,26
2,808626,Joel Grey,1950,0.548714286,0.42092857100000003,0.6005714289999999,113.0235,-11.64485714,1,8,0.8127857140000001,1.46e-06,0.484,0.141828571,209689.5714,29.64285714,14
3,888942,The Muppets,1970,0.565454545,0.334363636,0.449727273,103.80136359999999,-13.61009091,1,9,0.651181818,0.0015731789999999999,0.103109091,0.053263635999999996,186343.0,35.18181818,11
