,id,name,pc1,pc2,pc3,pc4,pc5,pc6,pc7,pc8
0,744969,Alvin & the Chipmunks,0.595431,2.36105,2.09567,-0.228952,0.280864,-1.2095200000000002,-0.81625,-0.62802
1,784597,Barney,0.298964,3.10745,-0.13895,-0.433184,1.03824,-0.00506528,-1.23896,-0.735916
2,888942,The Muppets,1.63732,1.0173,-0.406294,-0.181519,-0.772039,1.53339,-0.2796,-0.0280199
3,808626,Joel Grey,1.17018,0.647872,2.38923,1.38511,-0.798392,0.764512,-0.255814,0.175341
