,direct_influence_num,indirect_influence_num,different_genre_num,max_year_period
ĞÅÏ¢ìØ,1.968841054,1.957297191,1.935540402,2.029409698
ìØÈ¨,0.248989735,0.24602299,0.24043155,0.264555725
